"From ""06 Growth and N2 fixation data.xlsx""",
Mu (d-1),N2 fix (mol N mol C-1 d-1)
0.336,0.038740507
0.528,0.078519887
0.6,0.047200205
0.72,0.054555532
